
===================================================================
Follow: tcp,ascii
Filter: tcp.stream eq 1
Node 0: 192.168.56.1:52672
Node 1: 192.168.56.103:49171
7240
Alevis Employee Information Chart
id,first_name,last_name,email,department,ip_address,ssh_username,ssh_password
1,Alleyn,Delagua,adelagua0@digg.com,Accounting,79.121.8.91,adelagua0,ItbS4aB
2,Laurent,Boules,lboules1@miitbeian.gov.cn,Business Development,3.126.34.174,lboules1,LmFt0dte
3,Corny,Sporgeon,csporgeon2@phpbb.com,Human Resources,49.185.202.225,csporgeon2,UeC1RbAZCAY
4,Vivianna,Huscroft,vhuscroft3@shinystat.com,Product Management,109.53.30.83,vhuscroft3,Ickd8cGa
5,Cleveland,Boutell,cboutell4@hibu.com,Human Resources,121.174.65.124,cboutell4,6ebZ9J
6,Petronella,Dumbarton,pdumbarton5@hhs.gov,Research and Development,78.40.66.100,pdumbarton5,wKRtpkLnb
7,Katuscha,Pilpovic,kpilpovic6@fastcompany.com,Engineering,169.248.70.125,kpilpovic6,LPJVmy1
8,Jillian,Wiffield,jwiffield7@spotify.com,Support,186.98.209.13,jwiffield7,r4bb8PAX
9,Ermentrude,Lequeux,elequeux8@illinois.edu,Marketing,20.221.162.46,elequeux8,J7wfrg1qNu0
10,Kaine,Hinkens,khinkens9@delicious.com,Legal,211.55.155.211,khinkens9,zBgG5CuOy8s
11,Wade,Johnsey,wjohnseya@gizmodo.com,Accounting,184.85.39.15,wjohnseya,NYh3Kg
12,Reynard,Jacquemy,rjacquemyb@ycombinator.com,Research and Development,132.65.193.167,rjacquemyb,rHiJ1oKf8MJX
13,Karoline,Freeman,kfreemanc@meetup.com,Human Resources,77.34.133.157,kfreemanc,vKLWiWTPa
14,Tracee,Haxby,thaxbyd@auda.org.au,Sales,47.155.61.249,thaxbyd,L5HlAqjsKh89
15,Rochell,Newlove,rnewlovee@sogou.com,Research and Development,242.54.38.46,rnewlovee,Cfia2jDnPOt
16,Eldin,Molyneaux,emolyneauxf@flickr.com,Marketing,143.60.133.71,emolyneauxf,AkMqKLE
17,Annissa,Hallen,ahalleng@npr.org,Services,129.197.253.232,ahalleng,0eYx7o2y1
18,Lowell,Levecque,llevecqueh@chron.com,Marketing,147.84.48.186,llevecqueh,xl59Ksp
19,Ree,Chadwen,rchadweni@wsj.com,Sales,97.119.1.238,rchadweni,PJErRu
20,Brendis,Merton,bmertonj@ameblo.jp,Legal,69.58.134.80,bmertonj,j92iQXEq
21,Hammad,Motto,hmottok@mit.edu,Engineering,250.197.197.245,hmottok,TVm2frDNI1Je
22,Pall,Pierro,ppierrol@disqus.com,Training,142.183.85.227,ppierrol,0TZNnKG96ltt
23,Benni,Snookes,bsnookesm@cocolog-nifty.com,Training,170.173.220.142,bsnookesm,eWmIcbfN
24,Salmon,Tatlow,statlown@google.nl,Engineering,161.151.213.65,statlown,xzGdHV1
25,Cherye,Colomb,ccolombo@goo.ne.jp,Product Management,111.48.29.182,ccolombo,uywLitmjfxj
26,Bennie,Gingedale,bgingedalep@lulu.com,Marketing,46.120.53.74,bgingedalep,jiuyuFNek
27,Doris,Treker,dtrekerq@gov.uk,Support,9.241.15.218,dtrekerq,xb02bX
28,Allina,Spoor,aspoorr@weather.com,Engineering,243.130.255.240,aspoorr,2aYlWKhgM
29,Arty,Darlison,adarlisons@abc.net.au,Engineering,226.36.55.149,adarlisons,d0XIePSD
30,Shirlene,Cheales,schealest@tmall.com,Engineering,212.175.152.37,schealest,TjctdlqU
31,Balduin,Lowell,blowellu@addtoany.com,Engineering,26.204.240.77,blowellu,tlenQUYM
32,Henri,Ekell,hekellv@ucla.edu,Legal,175.231.67.131,hekellv,kN2KGHBsFh
33,Terrance,Morrison,tmorrisonw@studiopress.com,Product Management,76.70.164.31,tmorrisonw,7znzt7xnlb
34,Redford,Winman,rwinmanx@google.nl,Legal,212.247.139.155,rwinmanx,u53MR40Sl
35,Teodoor,Barford,tbarfordy@webeden.co.uk,Marketing,109.12.222.126,tbarfordy,eAlXNLX
36,Heidi,Hemms,hhemmsz@google.co.uk,Engineering,56.105.29.50,hhemmsz,NnsbW3r
37,Siobhan,Van den Hof,svandenhof10@google.co.uk,Business Development,51.110.157.205,svandenhof10,CrRkoD40
38,Kathye,Chape,kchape11@godaddy.com,Accounting,36.185.113.236,kchape11,04phaw0TqnsB
39,Olav,Tallet,otallet12@xing.com,Human Resources,203.19.176.245,otallet12,RThYngi
40,Michele,Fitzackerley,mfitzackerley13@networksolutions.com,Marketing,238.66.83.5,mfitzackerley13,RGkkKE
41,Cinda,MacLise,cmaclise14@wikispaces.com,Marketing,81.6.139.91,cmaclise14,NFj6HEqbHmHn
42,Urbain,Mossbee,umossbee15@scientificamerican.com,Business Development,61.79.43.158,umossbee15,PERAimZ5
43,Karl,Kleewein,kkleewein16@sciencedaily.com,Business Development,114.8.251.12,kkleewein16,SUe553PKOlaK
44,Koo,Bellingham,kbellingham17@amazon.co.jp,Research and Development,144.69.104.213,kbellingham17,tEPFMIFKtU4
45,Patric,MacDowal,pmacdowal18@vk.com,Services,181.132.66.183,pmacdowal18,yhWfF3OTx
46,Gabriell,Hannaford,ghannaford19@ucoz.com,Accounting,133.126.218.204,ghannaford19,gB6OMVJDh
47,Toby,Trayling,ttrayling1a@dell.com,Human Resources,219.184.19.167,ttrayling1a,Gj0azlkfb
48,Barris,Ber,bber1b@booking.com,Accounting,240.128.26.148,bber1b,N1R7azYhaMry
49,Andreana,Howley,ahowley1c@1688.com,Research and Development,104.187.182.53,ahowley1c,xpYLK1
50,Chery,Wardlow,cwardlow1d@paypal.com,Training,246.48.76.88,cwardlow1d,9J036PXF
51,Klarika,Wills,kwills1e@ebay.com,Services,180.83.73.232,kwills1e,q1dIHR
52,Corrie,Dudin,cdudin1f@state.tx.us,Engineering,125.189.42.19,cdudin1f,ennt2p
53,Hagen,Varney,hvarney1g@go.com,Engineering,243.40.200.100,hvarney1g,3EDFhwAqMM
54,Krysta,Arlet,karlet1h@csmonitor.com,Legal,25.141.45.11,karlet1h,yxEz8GYhvaIn
55,Ashlie,Maymond,amaymond1i@yolasite.com,Sales,120.10.220.17,amaymond1i,ZhXh2auHjzLF
56,Shawna,Bielfeld,sbielfeld1j@usgs.gov,Marketing,98.127.96.80,sbielfeld1j,AvAGG3Deq
57,Winonah,Hammant,whammant1k@mapy.cz,Human Resources,205.208.4.56,whammant1k,4HyTOzceps
58,Jewell,Danett,jdanett1l@posterous.com,Legal,53.160.198.62,jdanett1l,rMDnBtr
59,Elfreda,Gillions,egillions1m@webnode.com,Marketing,97.38.78.86,egillions1m,MHBjxR
60,Allegra,Raddon,araddon1n@biblegateway.com,Legal,43.121.35.232,araddon1n,exKJWmK7ca
61,Nicki,Lambis,nlambis1o@netscape.com,Training,144.200.38.178,nlambis1o,KgDb8iRym
62,Fredrick,Van Der Walt,fvanderwalt1p@apache.org,Product Management,194.17.133.244,fvanderwalt1p,gKIAcLNb
63,Coralyn,Arundel,carundel1q@europa.eu,Business Development,70.39.66.177,carundel1q,mJE7eGK
64,Artemas,Gourlie,agourlie1r@comcast.net,Legal,26.186.229.68,agourlie1r,fOUYiIBPkJb
65,Carri,Grasha,cgrasha1s@bigcartel.com,Legal,111.202.253.191,cgrasha1s,KChRWJDaFV
66,Sammie,Winston,swinston1t@utexas.edu,Services,118.108.60.33,swinston1t,f1LVgRN4L8Cc
67,Martin,Dils,mdils1u@moonfruit.com,Product Management,131.3.72.148,mdils1u,tPWvvtE2P
68,Audre,Mangin,amangin1v@ft.com,Legal,153.39.255.155,amangin1v,jH7aOQDk8LnG
69,Leila,Whiterod,lwhiterod1w@zdnet.com,Research and Development,112.160.129.248,lwhiterod1w,PjP0l5zrHdwr
70,Lexi,Bury,lbury1x@diigo.com,Product Management,171.210.44.239,lbury1x,X3nVwYCa2
71,Laird,Skey,lskey1y@cyberchimps.com,Sales,161.158.204.23,lskey1y,NMh6jut
72,Tessi,Grishinov,tgrishinov1z@domainmarket.com,Engineering,143.153.158.143,tgrishinov1z,1zZVDfMZwL
73,Sherrie,Milton,smilton20@hc360.com,Human Resources,253.133.52.198,smilton20,l6uIWnGxBNQX
74,Larisa,Callinan,lcallinan21@timesonline.co.uk,Human Resources,194.185.200.197,lcallinan21,0BZwQu
75,Brand,Treagust,btreagust22@surveymonkey.com,Research and Development,13.83.65.246,btreagust22,Jn8gc8i
76,Penny,Vyel,pvyel23@imageshack.us,Human Resources,163.214.65.248,pvyel23,ZSZ9TAPDEq
77,Putnam,Pencost,ppencost24@pcworld.com,Product Management,190.104.39.84,ppencost24,EpCpYi
78,Agosto,Balentyne,abalentyne25@youku.com,Engineering,212.107.221.149,abalentyne25,ryWtdEvPTK
79,Starlin,Greenlees,sgreenlees26@ucsd.edu,Human Resources,254.90.160.203,sgreenlees26,lwAi8xB7v4
80,Conni,Beaves,cbeaves27@berkeley.edu,Product Management,244.49.125.69,cbeaves27,4EkiLG6
81,
1448
Gena,Urch,gurch28@dell.com,Training,34.250.228.168,gurch28,8lQtMju
82,Beitris,Dinsale,bdinsale29@reverbnation.com,Business Development,15.101.188.142,bdinsale29,NcO6zsCMwdx
83,Jobyna,Lere,jlere2a@census.gov,Support,25.59.239.167,jlere2a,4QBoqC
84,Silva,Soutter,ssoutter2b@jimdo.com,Business Development,225.247.8.171,ssoutter2b,GVNzIrHTn
85,Deane,Mant,dmant2c@mapquest.com,Business Development,29.159.212.154,dmant2c,P9keoO
86,Jaquelyn,Devericks,jdevericks2d@japanpost.jp,Marketing,7.92.7.205,jdevericks2d,s0peK1Gwn2P
87,Chris,Fruchon,cfruchon2e@hexun.com,Services,161.253.88.17,cfruchon2e,4bhASZl
88,Millie,McKimm,mmckimm2f@sun.com,Business Development,91.34.50.115,mmckimm2f,7VSgmLDW
89,Ellene,Goolding,egoolding2g@mediafire.com,Training,103.183.204.171,egoolding2g,TpbtM3YDrt
90,Marsha,Alfwy,malfwy2h@tuttocitta.it,Training,46.179.175.173,malfwy2h,2mQtre341s
91,Lucy,Gauchier,lgauchier2i@booking.com,Training,107.58.103.149,lgauchier2i,zJhJbzoeUj9o
92,Sheilah,Starzaker,sstarzaker2j@icq.com,Marketing,127.237.85.131,sstarzaker2j,pEuBDOyHB0
93,Winifred,Carradice,wcarradice2k@weather.com,Services,77.205.153.80,wcarradice2k,OpNBw1dsHT
94,Sosanna,Jeste,sjeste2l@netvibes.com,Training,51.233.123.110,sjeste2l,aTwPYIHgdU
95,Jayson,Saffin,jsaffin2m@answers.com,Business Development,181.33.112.140,jsaffin2m,AMCypL
96,Raimundo,Hurche,rhurche2n@intel.com,Support,32.94.64.59,rhurche2n,kUJPCKOX
97,Rozelle,Cordelle,rcordelle2o@techcrunch
13032
.com,Human Resources,76.58.236.195,rcordelle2o,xSswKQ2DS1y5
98,Gallard,Bergin,gbergin2p@sina.com.cn,Support,128.195.148.77,gbergin2p,cJQ3SzN
99,Natale,Egar,negar2q@rediff.com,Support,15.77.75.143,negar2q,DkNZQoF5sLX
100,Christophe,Di Biaggi,cdibiaggi2r@arizona.edu,Sales,32.249.179.157,cdibiaggi2r,fIh6Q2eOEbLn
101,Killie,Mottershead,kmottershead2s@hexun.com,Engineering,211.203.215.227,kmottershead2s,Xc008ljyTBTt
102,Gage,Taffe,gtaffe2t@deliciousdays.com,Human Resources,15.231.143.122,gtaffe2t,kBf3PU
103,Adriana,Kittow,akittow2u@statcounter.com,Business Development,65.201.225.143,akittow2u,fC4Qv8SJI6
104,Lorrie,Cunniam,lcunniam2v@google.ca,Marketing,32.169.120.30,lcunniam2v,zJhe7b0
105,Desdemona,Furst,dfurst2w@arstechnica.com,Services,38.105.226.78,dfurst2w,16I8OK59TNL
106,Lawry,De Bruyne,ldebruyne2x@so-net.ne.jp,Accounting,8.26.241.20,ldebruyne2x,e1NvmtZ7Qz
107,Kylynn,Congreve,kcongreve2y@cmu.edu,Sales,137.239.67.15,kcongreve2y,VIaUZrIsXoOx
108,Eberhard,McLurg,emclurg2z@loc.gov,Accounting,14.159.23.171,emclurg2z,SgTB2bt
109,Ulrich,Browning,ubrowning30@facebook.com,Business Development,65.6.199.22,ubrowning30,FuVMYJ
110,Tabbitha,Wingeatt,twingeatt31@twitter.com,Product Management,130.126.36.253,twingeatt31,jbfbAOhEoln
111,Carlynne,Leavold,cleavold32@rediff.com,Research and Development,158.123.8.114,cleavold32,j2pOrQJH
112,Hugh,Lutton,hlutton33@jiathis.com,Marketing,85.115.146.120,hlutton33,3RTx6LC
113,Grayce,Wann,gwann34@sakura.ne.jp,Marketing,26.196.163.176,gwann34,UMzyGhRk5uXe
114,Garrett,Dyshart,gdyshart35@netvibes.com,Marketing,54.130.145.97,gdyshart35,72eVJsifBtln
115,Cully,Cowthard,ccowthard36@gravatar.com,Sales,233.248.133.19,ccowthard36,HxSkvTjg
116,Valentine,Hryniewicki,vhryniewicki37@opera.com,Legal,15.204.113.148,vhryniewicki37,d2RTb1JHXpN
117,Celestyn,MacClure,cmacclure38@cdc.gov,Marketing,176.30.112.96,cmacclure38,NXzXgZ9j3cy2
118,Terza,Aps,taps39@imageshack.us,Training,180.193.26.113,taps39,T6IlIo6P
119,Penni,Sharville,psharville3a@icq.com,Business Development,242.57.122.117,psharville3a,BYpwKw
120,Marthe,Mealing,mmealing3b@unicef.org,Support,240.47.106.63,mmealing3b,JUITA6a0TJ
121,Yorker,Biernat,ybiernat3c@mail.ru,Sales,160.213.148.1,ybiernat3c,IPLNxwDS6S
122,Danyelle,Sutherington,dsutherington3d@instagram.com,Sales,81.40.110.89,dsutherington3d,lCYyFmK
123,Fey,Mountney,fmountney3e@tmall.com,Marketing,48.178.212.249,fmountney3e,3u1hYAs
124,Xerxes,Temple,xtemple3f@flickr.com,Product Management,250.119.79.198,xtemple3f,SMGsB6Va
125,Dallis,Chotty,dchotty3g@google.com.hk,Marketing,37.71.91.32,dchotty3g,JoxhxxBHF
126,Madelle,Chesley,mchesley3h@lycos.com,Product Management,146.133.187.251,mchesley3h,7DFbKEyp6
127,Allayne,Sewall,asewall3i@who.int,Accounting,64.91.129.231,asewall3i,bzw3DLcQ
128,Mathias,Frantz,mfrantz3j@msn.com,Services,238.138.205.58,mfrantz3j,uVXHhzLRU5
129,Alvy,France,afrance3k@statcounter.com,Product Management,112.76.168.156,afrance3k,YJVwdQt47r1
130,Alwyn,Mateus,amateus3l@seattletimes.com,Business Development,132.184.99.121,amateus3l,D1jDcpLpZR
131,Paige,McCambridge,pmccambridge3m@businesswire.com,Legal,173.219.48.159,pmccambridge3m,bsAwdpcl
132,Shell,Sweeney,ssweeney3n@hatena.ne.jp,Legal,200.155.126.148,ssweeney3n,SFBqH5d6
133,Alano,Lithgow,alithgow3o@simplemachines.org,Business Development,63.21.132.18,alithgow3o,r2YGGV3c
134,Binni,Heater,bheater3p@infoseek.co.jp,Marketing,97.156.236.128,bheater3p,hp0CeFMnS
135,Nessi,Gopsell,ngopsell3q@examiner.com,Marketing,120.6.215.138,ngopsell3q,h8uxUF
136,Otho,Rendbaek,orendbaek3r@squidoo.com,Human Resources,128.182.215.13,orendbaek3r,a3ZI3t4I
137,Melli,Masden,mmasden3s@trellian.com,Research and Development,20.206.127.93,mmasden3s,BfCQhE3Ib6y
138,Gabriel,Pirrone,gpirrone3t@cisco.com,Research and Development,138.0.189.91,gpirrone3t,ff9gC6lNod
139,Sibylla,Stiller,sstiller3u@eventbrite.com,Engineering,97.253.135.10,sstiller3u,Ra5mpP
140,Odo,Witherby,owitherby3v@sitemeter.com,Engineering,121.145.108.247,owitherby3v,fWiQl0r9jYg
141,Theodore,Grzegorecki,tgrzegorecki3w@pcworld.com,Legal,245.31.107.110,tgrzegorecki3w,JLjqcb
142,Tammy,Cleary,tcleary3x@baidu.com,Training,91.73.110.197,tcleary3x,OtWX1RrcI8w
143,Laetitia,Wheadon,lwheadon3y@google.it,Marketing,114.36.39.82,lwheadon3y,izbFCMSUf
144,Thelma,Proudler,tproudler3z@discuz.net,Services,89.69.108.245,tproudler3z,pjILWlY
145,Flossie,Dawley,fdawley40@tamu.edu,Human Resources,166.183.60.122,fdawley40,7WdKfiAjUy
146,Francesca,L'Episcopio,flepiscopio41@rambler.ru,Support,149.106.233.128,flepiscopio41,WUc9IJOgkOq9
147,Raine,Wettern,rwettern42@telegraph.co.uk,Accounting,113.103.129.92,rwettern42,5aiJKf
148,Mack,Pardal,mpardal43@comsenz.com,Services,132.224.220.140,mpardal43,Pobfz5
149,Alejandrina,Izatson,aizatson44@artisteer.com,Business Development,247.227.208.66,aizatson44,xByqHSVY
150,Blinny,Oldham,boldham45@blogtalkradio.com,Training,111.83.215.19,boldham45,1qpyGb
151,Alanna,Pezey,apezey46@google.ca,Marketing,133.196.42.102,apezey46,rzsQaGMsdlre
152,Melly,Teaz,mteaz47@ucla.edu,Product Management,118.173.63.173,mteaz47,Jkl2rs2kb
153,Viviana,Stedell,vstedell48@stanford.edu,Marketing,226.173.226.36,vstedell48,mJnWPolYj7
154,Arch,Gaynesford,agaynesford49@example.com,Marketing,23.211.39.50,agaynesford49,B155Kg6D
155,Fredrick,Bole,fbole4a@constantcontact.com,Product Management,247.86.54.145,fbole4a,JCW5Lg
156,Leela,Sego,lsego4b@yahoo.com,Training,96.53.120.237,lsego4b,1Lk2pgj
157,Caresa,Vuitte,cvuitte4c@gov.uk,Accounting,233.40.2.108,cvuitte4c,CJzZuZSVW
158,Farley,Verralls,fverralls4d@hibu.com,Legal,145.7.233.22,fverralls4d,dXDJPiO
159,Cyrille,Grayham,cgrayham4e@forbes.com,Business Development,149.96.154.154,cgrayham4e,zEVNNzRH
160,Ardisj,Lowater,alowater4f@dailymail.co.uk,Marketing,102.133.46.162,alowater4f,XhApC9
161,Dalila,Tungate,dtungate4g@cloudflare.com,Research and Development,154.158.247.31,dtungate4g,HuA1jA4H
162,Bogart,Kwiek,bkwiek4h@hostgator.com,Engineering,147.41.9.101,bkwiek4h,SgsN3hH00lZ8
163,Arnoldo,Barrow,abarrow4i@bloglovin.com,Engineering,36.164.211.68,abarrow4i,6nA1dDm
164,Pen,Bare,pbare4j@mozilla.com,Product Management,85.18.118.82,pbare4j,ngcRdp8
165,Olwen,Grimsdyke,ogrimsdyke4k@umn.edu,Sales,28.126.244.165,ogrimsdyke4k,OW3fr2aG5H
166,Keriann,Le Pine,klepine4l@alibaba.com,Sales,146.188.223.28,klepine4l,afnyFpBz5znW
167,Joe,Upchurch,jupchurch4m@ox.ac.uk,Marketing,30.226.187.192,jupchurch4m,a1NMJ7ooyyor
168,Ollie,Hansana,ohansana4n@jigsy.com,Legal,199.185.155.202,ohansana4n,AdVFAdX6
169,Gregory,Geistbeck,ggeistbeck4o@ow.ly,Product Management,53.71.215.129,ggeistbeck4o,9vDAqojSO
170,Elsa,Baldrey,ebaldrey4p@salon.com,Business Development,210.86.184.5,ebaldrey4p,DIRLkpVlP9
171,Celestyn,Taillant,ctaillant4q@netvibes.com,Support,184.214.90.71,ctaillant4q,FxnYTf2NT
172,Jaye,Jehu,jjehu4r@vkontakte.ru,Support,149.210.148.238,jjehu4r,e8Q27xuithS
173,Giffard,Rallinshaw,grallinshaw4s@shareasale.com,Research and Development,107.26.188.255,grallinshaw4s,WorOpltzpy5r
174,Pippy,Ebbens,pebbens4t@imdb.com,Research and Development,108.157.73.179,pebbens4t,HtNlVimRdSD
175,Terence,Naisby,tnaisby4u@lulu.com,Human Resources,77.81.225.8,tnaisby4u,GnnIk04F9aX
176,Olivier,Malec,omalec4v@163.com,Business Development,13.175.197.62,omalec4v,7YltUj1uvKES
177,Norean,Bernhardt,nbernhardt4w@godaddy.com,Human Resources,110.22.134.166,nbernhardt4w,1w5Z57h93
178,Cynthie,Sandeford,csandeford4x@parallels.com,Training,210.177.118.54,csandeford4x,Y7qQpmr3poVQ
179,Say,Reolfi,sreolfi4y@woothemes.com,Marketing,79.231.10.194,sreolfi4y,1PiXxW3x2
180,Elva,Farrance,efarrance4z@epa.gov,Research and Development,71.80.71.164,efarrance4z,v8MKhuT7
181,Cyndi,Jorat,cjorat50@amazon.co.uk,Research and Development,228.208.38.38,cjorat50,mYiFwn
182,Kira,Dabourne,kdabourne51@mit.edu,Engineering,215.123.130.212,kdabourne51,AX7qMfIuh
183,Huntington,Woolaghan,hwoolaghan52@cdc.gov,Human Resources,76.168.18.172,hwoolaghan52,qjeNJEPEa
184,Hillary,Slate,hslate53@feedburner.com,Product Management,121.134.131.15,hslate53,Le8WVZ
185,Napoleon,Bowering,nbowering54@themeforest.net,Product Management,203.239.217.169,nbowering54,wJyB9kXF
186,Kittie,Swynfen,kswynfen55@hexun.com,Engineering,96.4.93.241,kswynfen55,Ep3j38Fcq
187,Annice,Raywood,araywood56@va.gov,Services,225.80.208.39,araywood56,tyBF2XakLY3Q
188,Kissee,Cotter,kcotter57@artisteer.com,Human Resources,25.236.111.39,kcotter57,M7qJcpqFz3
189,Lilli,Coweuppe,lcoweuppe58@elegantthemes.com,Marketing,172.186.89.234,lcoweuppe58,sxZh3JaB
190,Barrett,Crop,bcrop59@baidu.com,Engineering,138.44.250.255,bcrop59,o6F34eG5FRx
191,Mattheus,Shelbourne,mshelbourne5a@histats.com,Accounting,11.30.25.126,mshelbourne5a,2QXCgud
192,Isaiah,Aleksashin,ialeksashin5b@google.com.hk,Engineering,190.188.59.7,ialeksashin5b,0oXIwlIHcmI
193,Anna,Bernaciak,abernaciak5c@creativecommons.org,Product Management,225.119.135.13,abernaciak5c,p0argiC
194,Aime,Doe,adoe5d@wsj.com,Sales,127.151.255.244,adoe5d,CFaibWM2d6j
195,Inesita,Andersson,iandersson5e@acquirethisname.com,Sales,38.147.192.1,iandersson5e,QQE7YUmZ4A0h
196,Boris,Windrus,bwindrus5f@guardian.co.uk,Engineering,111.158.11.174,bwindrus5f,pF433Cwvt
197,Lory,Sperski,lsperski5g@economist.com,Services,82.70.176.120,lsperski5g,i1OxHy
198,Neila,Vollam,nvollam5h@jigsy.com,Support,156.234.102.51,nvollam5h,GrZ8GXfpgd
199,Kaia,Leger,kleger5i@java.com,Support,155.165.137.33,kleger5i,lQercNL
200,Ruby,Ayrs,rayrs5j@yellowbook.com,Business Development,173.85.193.89,rayrs5j,aHfG9B8mNJc7
201,Melodee,Garrould,mgarrould5k@businesswire.com,Engineering,216.41.66.101,mgarrould5k,hXOzEc7
202,Clarette,Korfmann,ckorfmann5l@360.cn,Training,192.150.10.38,ckorfmann5l,MeWNyVdZUXnj
203,Laraine,Swin,lswin5m@boston.com,Engineering,225.102.179.39,lswin5m,UK0J4B
204,Lynette,Haacker,lhaacker5n@wordpress.org,Business Development,21.105.219.249,lhaacker5n,43B3X3HWYJJ
205,Elsa,Kondratenko,ekondratenko5o@cbsnews.com,Engineering,99.151.233.31,ekondratenko5o,EftC13
206,Christos,Close,cclose5p@bluehost.com,Sales,161.24.56.65,cclose5p,U3XoPF68
207,Idalia,Wiltshear,iwiltshear5q@phpbb.com,Sales,236.189.211.47,iwiltshear5q,kAbPa5usH0
208,Magdalena,Crothers,mcrothers5r@ftc.gov,Legal,180.57.5.22,mcrothers5r,9L0qnYmn
209,Gypsy,Ramme,gramme5s@hugedomains.com,Marketing,198.203.121.206,gramme5s,MLxPNEgSq
210,Cristi,Boteman,cboteman5t@timesonline.co.uk,Business Development,40.126.146.104,cboteman5t,O7YDDoo8
211,Antin,Rosthorn,arosthorn5u@parallels.com,Engineering,152.128.207.168,arosthorn5u,lfq37mm2B
212,Rahal,Nore,rnore5v@samsung.com,Human Resources,236.66.199.63,rnore5v,AhZ7lHnr
213,Terencio,Olyff,tolyff5w@deliciousdays.com,Support,232.79.129.149,tolyff5w,Bbpr2VZA9
214,Darelle,Mcsarry,dmcsarry5x@eepurl.com,Legal,6.108.172.102,dmcsarry5x,m8WnxZF
215,Eleanor,Metschke,emetschke5y@surveymonkey.com,Marketing,150.108.71.138,emetschke5y,pxmAIRhhng8M
216,Miguelita,Blackster,mblackster5z@trellian.com,Product Management,105.139.8.208,mblackster5z,NC724m
217,Constanta,Fouracres,cfouracres60@webs.com,Training,16.135.112.4,cfouracres60,8Z5o4eWlV
218,Klarrisa,Lyvon,klyvon61@reuters.com,Training,116.98.99.108,klyvon61,zblaVJ5d
219,Solly,Dollard,sdollard62@mysql.com,Product Management,89.66.210.134,sdollard62,q8rCGkZ
220,Ray,Chappel,rchappel63@yahoo.co.jp,Research and Development,79.63.203.65,rchappel63,7AYK4WI
221,Genevra,Vickar,gvickar64@aboutads.info,Product Management,208.164.102.248,gvickar64,3BbPvAjyQU
222,Tammi,Swires,tswires65@netlog.com,Marketing,202.228.87.1,tswires65,hTEr6wD
223,Morten,Giddons,mgiddons66@un.org,Marketing,33.129.214.157,mgiddons66,gVMWB2tI
224,Vladimir,Marland,vmarland67@mail.ru,Sales,222.18.190.144,vmarland67,VMZPGEuZZ8oX
225,Lily,Duncan,lduncan68@blogger.com,Research and Development,92.209.84.244,lduncan68,SVg6uM97Qc
226,Bradley,Humburton,bhumburton69@dmoz.org,Accounting,174.209.110.137,bhumburton69,h4kBm5kvegH
227,Gerri,Offord,gofford6a@apple.com,Research and Development,222.104.176.129,gofford6a,keXycXRk3Gq
228,Hurleigh,Drivers,hdrivers6b@aboutads.info,Sales,216.17.241.205,hdrivers6b,DCEVPbt8D
229,Scarlet,Simanek,ssimanek6c@netscape.com,Accounting,251.200.198.111,ssimanek6c,J3CIk1kCS7Zk
230,Findley,Warrack,fwarrack6d@netscape.com,Support,106.30.36.30,fwarrack6d,oz7Iztbk
231,Marji,Conrath,mconrath6e@nasa.gov,Product Management,180.150.238.180,mconrath6e,0OdRRXy
232,Tabbatha,Kobierski,tkobierski6f@domainmarket.com,Human Resources,145.186.123.210,tkobierski6f,0N0dQRWHPtT6
233,Ki,Trewett,ktrewett6g@walmart.com,Product Management,91.146.57.243,ktrewett6g,sUp6PceFeC
234,Gilles,Bloss,gbloss6h@google.com.hk,Support,237.58.248.249,gbloss6h,d3EAaaG42sL
235,Shep,Kondrachenko,skondrachenko6i@youku.com,Human Resources,99.29.132.24,skondrachenko6i,qcMGgfT
236,Fiona,Bromwich,fbromwich6j@dailymotion.com,Business Development,160.59.7.222,fbromwich6j,eBc3VG3Fg
237,Germaine,Boylan,gboylan6k@surveymonkey.com,Accounting,207.14.61.236,gboylan6k,nns3U4
238,Darryl,Eastwood,deastwood6l@cdc.gov,Human Resources,155.159.30.248,deastwood6l,RSbkDJT3s
239,Leontine,Portail,lportail6m@
1448
ft.com,Marketing,88.101.183.46,lportail6m,lzsrKmA1
240,Levon,Clack,lclack6n@statcounter.com,Engineering,85.139.65.249,lclack6n,C3d7OjHrU
241,Ephrayim,Comport,ecomport6o@indiatimes.com,Business Development,62.52.61.93,ecomport6o,qWjL6yn
242,Irvine,Pauly,ipauly6p@studiopress.com,Product Management,49.65.217.180,ipauly6p,X2JlUNQ0lM
243,Mirelle,Maddyson,mmaddyson6q@usgs.gov,Services,39.205.202.75,mmaddyson6q,VCeb7qcwl
244,Amery,Seeler,aseeler6r@xing.com,Support,47.183.248.3,aseeler6r,od4DnV8ir
245,Darcy,Otto,dotto6s@exblog.jp,Human Resources,154.219.63.144,dotto6s,Lgv7VMLDUJ
246,Murvyn,Dafydd,mdafydd6t@nytimes.com,Engineering,210.119.99.32,mdafydd6t,65zrAQRtlg
247,Mathias,Scohier,mscohier6u@skyrock.com,Services,88.83.111.94,mscohier6u,rxmA0j9IYKiG
248,Cal,Rankmore,crankmore6v@discuz.net,Marketing,16.219.133.55,crankmore6v,DmnaIosTgOCO
249,Sharai,D'Alesio,sdalesio6w@so-net.ne.jp,Research and Development,45.44.217.136,sdalesio6w,QRQWEKqXp
250,Shalom,McKeachie,smckeachie6x@bigcartel.com,Business Development,152.23.32.248,smckeachie6x,oXEeBDk
251,Ardenia,Colman,acolman6y@theatlantic.com,Support,57.228.140.203,acolman6y,GPhDF7GVOWE
252,Frederique,Gladeche,fgladeche6z@nature.com,Product Management,71.89.155.146,fgladeche6z,9DOz1bySU
253,Kalle,Bragger,kbragger70@wix.com,Research and Development,230.75.95.254,kbragger70,8lsN0gBkV
254,Klarika,de Vaen,kdevaen71@businessweek.com,Engineering,168.83.102.137,kdevaen71,ZMQ3LN1Pn
15928
ke
255,Rhianon,Andrews,randrews72@merriam-webster.com,Support,86.156.138.135,randrews72,MiebzEEAjeeI
256,Violante,Toppas,vtoppas73@hostgator.com,Accounting,251.193.213.107,vtoppas73,qIH3LiMeCCR
257,Blythe,Larkin,blarkin74@histats.com,Training,239.82.66.92,blarkin74,EpU1fmCwcvhd
258,Monica,Sambedge,msambedge75@abc.net.au,Marketing,167.50.217.222,msambedge75,J2V0qbkAMcyW
259,Celinda,Brownsill,cbrownsill76@sogou.com,Product Management,50.132.39.87,cbrownsill76,8nd1xLgu
260,Myriam,Leak,mleak77@51.la,Human Resources,66.65.126.0,mleak77,mKQnf4HoEJ8Q
261,Kata,Abramzon,kabramzon78@ning.com,Legal,11.132.47.226,kabramzon78,aa2FOLA
262,Anabel,Scarrott,ascarrott79@earthlink.net,Training,17.144.77.80,ascarrott79,bAgm5lx
263,Inger,De Ambrosi,ideambrosi7a@newyorker.com,Business Development,15.250.56.110,ideambrosi7a,xS8HhYORDaws
264,Erich,Phethean,ephethean7b@artisteer.com,Business Development,254.25.8.119,ephethean7b,4BkZL7P
265,Dorothea,Stratley,dstratley7c@ted.com,Research and Development,41.235.39.65,dstratley7c,Lw2t7iUVu
266,Yard,Vedeneev,yvedeneev7d@indiatimes.com,Legal,119.218.254.104,yvedeneev7d,Cveoh0
267,Davita,Sheards,dsheards7e@ask.com,Accounting,244.18.162.114,dsheards7e,th2x6uT8N
268,Phillip,Baike,pbaike7f@squidoo.com,Product Management,55.190.24.212,pbaike7f,sdxWxwqwa
269,Pierson,Dowty,pdowty7g@nsw.gov.au,Legal,48.175.141.172,pdowty7g,fRfAk1qtP
270,Corly,Sherbourne,csherbourne7h@ox.ac.uk,Marketing,114.212.136.191,csherbourne7h,gKKcZaOeJ6Q5
271,Blinnie,Balentyne,bbalentyne7i@engadget.com,Marketing,206.247.151.192,bbalentyne7i,oxaMEt79TNn
272,Tiertza,Martignon,tmartignon7j@vk.com,Training,119.55.15.64,tmartignon7j,TXXsENfT
273,Tab,Eustice,teustice7k@blogspot.com,Business Development,237.83.38.63,teustice7k,nQT8m1GDp8fN
274,Myrlene,Beharrell,mbeharrell7l@youtube.com,Research and Development,232.227.181.155,mbeharrell7l,UyRXuOIOz73F
275,Crysta,Lenox,clenox7m@posterous.com,Engineering,160.139.83.9,clenox7m,WZ8xapa3GK
276,Crissy,Bourtoumieux,cbourtoumieux7n@sitemeter.com,Support,179.14.196.161,cbourtoumieux7n,39CWH84
277,Obed,Ketch,oketch7o@mit.edu,Sales,240.241.7.226,oketch7o,r7WDD8
278,Carie,Kuhne,ckuhne7p@princeton.edu,Sales,158.120.160.204,ckuhne7p,zsrisXL
279,Haily,Dron,hdron7q@nhs.uk,Marketing,172.8.33.119,hdron7q,vuIKzRiZX
280,Ame,Woodroofe,awoodroofe7r@economist.com,Sales,97.10.137.84,awoodroofe7r,sscVweD
281,Rina,Mallock,rmallock7s@addthis.com,Business Development,31.199.185.81,rmallock7s,me32FE6O4uf
282,Meggi,Litherland,mlitherland7t@dailymotion.com,Training,250.218.206.28,mlitherland7t,Oy3rkVJvA77
283,Evonne,Walworth,ewalworth7u@ucoz.ru,Business Development,210.207.221.44,ewalworth7u,2U5pDZkaBx
284,Luciano,Duthie,lduthie7v@youtu.be,Legal,63.96.106.110,lduthie7v,LtA8IOK0ozeh
285,Maryanne,Heeps,mheeps7w@ihg.com,Engineering,75.164.226.45,mheeps7w,LPQjMECn
286,Betta,Wenderoth,bwenderoth7x@independent.co.uk,Research and Development,15.40.249.9,bwenderoth7x,c8OJxoH9cF
287,Jessika,Grayshan,jgrayshan7y@unicef.org,Sales,31.173.31.35,jgrayshan7y,Wf23gloatxF
288,Nessa,Neumann,nneumann7z@elegantthemes.com,Human Resources,211.255.58.90,nneumann7z,AqMW6VsjUS
289,Jolyn,Bartoszewski,jbartoszewski80@unicef.org,Engineering,85.35.106.245,jbartoszewski80,hv76q4wi
290,Ardene,Mazzeo,amazzeo81@arizona.edu,Training,181.156.43.254,amazzeo81,8ocJBPVeB
291,Price,Dyne,pdyne82@sakura.ne.jp,Sales,27.249.251.58,pdyne82,vmA0Ayh96
292,Borden,Danilevich,bdanilevich83@oaic.gov.au,Sales,31.164.36.60,bdanilevich83,YKNBcV
293,Christophe,Hammerberg,chammerberg84@google.cn,Human Resources,122.88.98.136,chammerberg84,VSmtKIi
294,Kaila,O'Leagham,koleagham85@discuz.net,Product Management,70.201.239.243,koleagham85,4JNh6Bb
295,Donna,Bignall,dbignall86@ameblo.jp,Business Development,166.28.103.165,dbignall86,18qvYayG
296,Lila,Ilieve,lilieve87@bluehost.com,Business Development,106.36.232.32,lilieve87,pVMuM1
297,Silvano,Langsdon,slangsdon88@moonfruit.com,Business Development,33.81.243.38,slangsdon88,v2694ADo6dAn
298,Devin,von Hagt,dvonhagt89@mit.edu,Legal,3.125.71.130,dvonhagt89,sZ8rcS
299,Lennard,Addie,laddie8a@live.com,Business Development,62.30.249.68,laddie8a,4fMOBk5GBr
300,Bell,Packham,bpackham8b@npr.org,Engineering,229.208.183.200,bpackham8b,xTCzZt
301,Christabella,Cicchillo,ccicchillo8c@godaddy.com,Marketing,50.31.150.38,ccicchillo8c,MdXVjN
302,Alyse,Borgne,aborgne8d@cornell.edu,Training,108.195.93.159,aborgne8d,PiKZbhq2E
303,Eugine,Hunsworth,ehunsworth8e@cbc.ca,Support,222.38.240.43,ehunsworth8e,CsKi6QFo
304,Mozelle,Metcalfe,mmetcalfe8f@un.org,Marketing,233.226.122.221,mmetcalfe8f,q67ZnT5L
305,Annabela,Harget,aharget8g@salon.com,Product Management,39.8.112.244,aharget8g,w750JVSX
306,Israel,Speechly,ispeechly8h@wisc.edu,Support,156.15.86.29,ispeechly8h,FYm3cfhgJK
307,Lorinda,Parnham,lparnham8i@vkontakte.ru,Services,226.247.188.110,lparnham8i,HibApVKT6
308,Arvie,Pettie,apettie8j@quantcast.com,Training,185.65.146.209,apettie8j,qxR2iGtNLZUi
309,Darice,Stripling,dstripling8k@paginegialle.it,Engineering,115.139.38.22,dstripling8k,vRwxFreuD4
310,Fairleigh,Geraud,fgeraud8l@eventbrite.com,Accounting,110.8.245.98,fgeraud8l,tXCaJWSM2c
311,Uta,Najera,unajera8m@earthlink.net,Human Resources,165.172.228.197,unajera8m,Nk92hI6FImbk
312,Laureen,Sturr,lsturr8n@tuttocitta.it,Product Management,170.56.151.237,lsturr8n,0nAaHCF5
313,Balduin,Raynard,braynard8o@wikispaces.com,Sales,214.160.5.82,braynard8o,fh1TwuzN4
314,Jonas,Butfield,jbutfield8p@princeton.edu,Human Resources,60.37.133.70,jbutfield8p,Ic4zQOgQq
315,Sybille,Hebble,shebble8q@baidu.com,Sales,125.126.45.95,shebble8q,GGzmQQuyshOv
316,Nial,Simanenko,nsimanenko8r@globo.com,Legal,87.72.164.147,nsimanenko8r,eulavYz9
317,Kingsley,O'Codihie,kocodihie8s@gnu.org,Human Resources,24.9.208.227,kocodihie8s,XxoabUw3RBr
318,Marjy,Frays,mfrays8t@yahoo.com,Marketing,133.111.13.176,mfrays8t,uRLpmnMc
319,Pierette,Pentecost,ppentecost8u@is.gd,Marketing,131.64.193.194,ppentecost8u,I2w9lTug
320,Victoir,MacVicar,vmacvicar8v@dropbox.com,Marketing,186.169.34.156,vmacvicar8v,U6ieUZT
321,Gwynne,Colleran,gcolleran8w@independent.co.uk,Sales,222.253.210.86,gcolleran8w,lzK9kCyCm
322,Kelli,Coogan,kcoogan8x@ow.ly,Research and Development,232.2.28.55,kcoogan8x,rend0Ctb
323,Der,Fer,dfer8y@wix.com,Business Development,138.212.150.176,dfer8y,tybLZ7L1
324,Addy,Rolin,arolin8z@quantcast.com,Training,84.114.28.143,arolin8z,lckpDfGdhJ
325,Tomkin,Dowell,tdowell90@mapquest.com,Training,34.211.156.166,tdowell90,MEQoKTI8nSl
326,Nerty,Thewys,nthewys91@pinterest.com,Training,61.143.148.41,nthewys91,mlfffJb
327,Craig,Cornwell,ccornwell92@salon.com,Human Resources,195.48.111.54,ccornwell92,4JL6ZHl1
328,Alica,Songust,asongust93@youtu.be,Research and Development,92.254.231.194,asongust93,Lg14wx
329,Jenny,Nice,jnice94@so-net.ne.jp,Engineering,218.224.171.176,jnice94,NhVNnsIT
330,Lissie,Franzman,lfranzman95@discovery.com,Product Management,99.116.105.92,lfranzman95,umABnHD
331,Charmaine,Hansom,chansom96@ezinearticles.com,Human Resources,235.103.65.235,chansom96,zUr8q2Q
332,Florie,Llopis,fllopis97@mediafire.com,Training,24.143.7.105,fllopis97,xnjB8iD4NylH
333,Sancho,Ballinger,sballinger98@blogs.com,Legal,103.184.82.176,sballinger98,KxldeQXwu06
334,Doy,Charge,dcharge99@unesco.org,Training,90.141.104.166,dcharge99,1wtrQD1en
335,Kylie,Henryson,khenryson9a@ftc.gov,Marketing,53.216.206.225,khenryson9a,HzI1vU
336,Juditha,Ravillas,jravillas9b@who.int,Sales,88.109.59.53,jravillas9b,MzE3jG56tML
337,Serene,Marlin,smarlin9c@angelfire.com,Product Management,55.38.198.69,smarlin9c,VHv8RV
338,Fifine,Stotherfield,fstotherfield9d@yellowbook.com,Legal,216.233.174.140,fstotherfield9d,xZsFet
339,Saleem,Pinnocke,spinnocke9e@state.gov,Support,28.131.216.79,spinnocke9e,iZ3nLpx8
340,Fionna,Rushmer,frushmer9f@yahoo.com,Research and Development,179.133.148.26,frushmer9f,OpBnjxE
341,Quinlan,Gornal,qgornal9g@icq.com,Product Management,84.130.42.68,qgornal9g,0Lz9zK6
342,Jodie,Speakman,jspeakman9h@tinypic.com,Business Development,225.224.198.30,jspeakman9h,aTWJU6m5
343,Kylila,Dobbing,kdobbing9i@vkontakte.ru,Product Management,73.2.225.44,kdobbing9i,xnVC6BMwTS
344,Germana,Carlow,gcarlow9j@gmpg.org,Research and Development,140.251.194.120,gcarlow9j,UoBNMZsFsBa
345,Leonie,Torrans,ltorrans9k@de.vu,Services,34.47.119.119,ltorrans9k,AjfDNGgx
346,Davidde,Giacobazzi,dgiacobazzi9l@seesaa.net,Marketing,232.89.70.75,dgiacobazzi9l,BBaV8MU30l
347,Darcey,Lawling,dlawling9m@yellowbook.com,Support,134.220.225.173,dlawling9m,ttwfPmoC
348,Isa,Dugue,idugue9n@comcast.net,Accounting,149.217.255.114,idugue9n,fwmJrdwWA
349,Helene,Dimbleby,hdimbleby9o@xrea.com,Support,83.28.246.195,hdimbleby9o,kmw2edpl
350,Emeline,Goforth,egoforth9p@weibo.com,Services,144.195.226.37,egoforth9p,zYJ2GseFY
351,Lenette,Matthius,lmatthius9q@microsoft.com,Accounting,236.133.127.124,lmatthius9q,fiaEjBf2
352,Skip,Zink,szink9r@etsy.com,Engineering,17.56.114.5,szink9r,WO6fLLuONIQ6
353,Jameson,Bilbee,jbilbee9s@rediff.com,Support,64.241.206.187,jbilbee9s,DDtP35Z
354,Sharia,Gunby,sgunby9t@sbwire.com,Sales,31.107.241.45,sgunby9t,sC8D9QuZkvsj
355,Bucky,Shirtliff,bshirtliff9u@google.de,Legal,231.235.56.198,bshirtliff9u,pHyIcQkEAm
356,Arabella,Ribeiro,aribeiro9v@a8.net,Business Development,98.75.196.58,aribeiro9v,0gni3R
357,Kennan,O'Crevy,kocrevy9w@theglobeandmail.com,Services,44.133.144.161,kocrevy9w,ES7prNj4v
358,Odette,Lowey,olowey9x@ihg.com,Business Development,189.254.196.129,olowey9x,0PR9Hm
359,Stanislas,Vanini,svanini9y@cafepress.com,Marketing,144.164.12.18,svanini9y,dlM1Hc0OOv
360,Gerty,Folks,gfolks9z@imgur.com,Accounting,104.120.170.217,gfolks9z,LehWZyD7RS
361,Ailis,Hanhart,ahanharta0@theatlantic.com,Product Management,79.2.255.29,ahanharta0,IFrOZD4e
362,Alina,Kalinsky,akalinskya1@linkedin.com,Research and Development,1.137.64.232,akalinskya1,q7f9TL9f
363,Osbourne,Hoyte,ohoytea2@sfgate.com,Research and Development,61.184.238.28,ohoytea2,DKclmP
364,Wallie,Gilfoyle,wgilfoylea3@seesaa.net,Sales,90.26.34.223,wgilfoylea3,TYlBRf
365,Jemie,Mogie,jmogiea4@thetimes.co.uk,Business Development,139.171.87.5,jmogiea4,kNF5gMuEn
366,Sherilyn,Nornasell,snornasella5@slideshare.net,Support,45.177.77.117,snornasella5,plbiRlPYirgX
367,Justina,Kinvig,jkinviga6@wunderground.com,Human Resources,35.149.100.180,jkinviga6,zdhmnv7ZjkmM
368,Ardelle,Blackhall,ablackhalla7@arstechnica.com,Sales,35.167.199.99,ablackhalla7,QxBqLjyaY7j
369,Cathleen,Benkhe,cbenkhea8@macromedia.com,Sales,177.206.187.84,cbenkhea8,eu8aTYk62GTg
370,Lock,Firpi,lfirpia9@paginegialle.it,Accounting,215.85.217.10,lfirpia9,ZoMRMv
371,Bordie,Kaysor,bkaysoraa@ed.gov,Training,28.80.201.233,bkaysoraa,7GgDwPtF
372,Corrine,Bowyer,cbowyerab@umich.edu,Marketing,132.138.248.91,cbowyerab,kdan4AhRoDGJ
373,Chevalier,Garaway,cgarawayac@pbs.org,Support,135.183.164.166,cgarawayac,SniRaq
374,Simeon,Buckthorpe,sbuckthorpead@ameblo.jp,Services,208.255.48.12,sbuckthorpead,WT0c8G
375,Margaretta,Trebilcock,mtrebilcockae@ning.com,Legal,86.120.183.80,mtrebilcockae,rvwDG7jbKAL
376,Niki,Hollingshead,nhollingsheadaf@diigo.com,Marketing,103.238.18.246,nhollingsheadaf,PL7McyYY8Lk4
377,Sasha,Hallex,shallexag@simplemachines.org,Engineering,112.2.175.155,shallexag,Gm3jvRME6dZJ
378,Gwyneth,Fisby,gfisbyah@vinaora.com,Legal,186.236.86.175,gfisbyah,cNFfEYkj0
379,Sarette,Stronack,sstronackai@alexa.com,Product Management,162.106.126.253,sstronackai,PxsxwTTqqo
380,Sheridan,Sein,sseinaj@reddit.com,Sales,47.255.241.145,sseinaj,tfL65z46R90o
381,Kimbra,Purle,kpurleak@cyberchimps.com,Marketing,228.114.124.1,kpurleak,pXDdQy0lXLb
382,Liesa,Mapledoram,lmapledoramal@fastcompany.com,Research and Development,94.217.67.48,lmapledoramal,VMvDCls
383,Ranna,Wiley,rwileyam@amazon.com,Training,121.27.13.93,rwileyam,jCR1keYKxmx5
384,Travus,Dickson,tdicksonan@nifty.com,Accounting,83.247.17.252,tdicksonan,HpYagRp
385,Izabel,Soule,isouleao@google.pl,Training,140.255.22.60,isouleao,v5F9yk6Ug
386,Lenora,Huggens,lhuggensap@shop-pro.jp,Accounting,91.170.203.3,lhuggensap,B7xrj0e3qtt
387,Janis,Faraker,jfarakeraq@blinklist.com,Human Resources,35.228.153.19,jfarakeraq,ndacBOY7SCet
388,Orelle,Ingledow,oingledowar@time.com,Legal,242.231.177.48,oingledowar,JaZEjMXSVknM
389,Dulsea,Rowth,drowthas@youku.com,Engineering,139.129.111.45,drowthas,nDkkwaX
390,Tammie,Piens,tpiensat@addtoany.com,Product Management,147.216.230.207,tpiensat,Yz7RkB3HBf
391,Auroora,Biasioli,abiasioliau@bizjournals.com,Business Development,183.147.130.51,abiasioliau,iivSefs5
392,Nial,Floyed,nfloyedav@printfriendly.com,Product Management,79.119.182.89,nfloyedav,lyX5cP5
393,Petronia,Quarrie,pquarrieaw@boston.com,Research and Development,106.92.121.7,pquarrieaw,nbFhqaT
394,Noby,Jiroudek,njiroudekax@goo.ne.jp,Human Resources,77.160.246.234,njiroudekax,hAbgIkg
395,Manny,Kavanagh,mkavanaghay@newyorker.com,Services,113.177.223.169,mkavanaghay,51RsrQzu
396,Alfi,Hussey,ahusseyaz@disqus.com,Support,156.185.181.174,ahusseyaz,mBi8uVFw
397,Brigham,Methringham,bmethringhamb0@digg.com,Accounting,155.237.236.187,bmethringhamb0,ClF2gWyTK
398,Gibbie,Wicklen,gwicklenb1@si.edu,Business Development,113.51.37.54,gwicklenb1,nFdy890MJ8
399,Wilmer,Corday,wcordayb2@feedburner.com,Human Resources,82.85.57.111,wcordayb2,skTKi0ny0Q
400,Royal,Tessier,rtessierb3@acquirethisname.com,Support,215.207.159.17,rtessierb3,lkhy81GKRC
401,Lita,Devon,ldevonb4@prlog.org,Research and Development,249.60.165.200,ldevonb4,Bqoq9NXM
402,Arlen,Stannard,astannardb5@blogger.com,Training,55.55.22.122,astannardb5,28MM2yMH
403,Mozelle,Twaits,mtwaitsb6@etsy.com,Training,8.47.80.39,mtwaitsb6,zz81YukL
404,Deeyn,Guitte,dguitteb7@mozilla.org,Sales,158.99.69.255,dguitteb7,VnqJLa
405,Dianne,Bownd,dbowndb8@bluehost.com,Product Management,100.54.115.139,dbowndb8,KoS07y
406,Willis,Taylot,wtaylotb9@walmart.com,Sales,57.202.109.248,wtaylotb9,BzRJPgO6W
407,Murdoch,Trueman,mtruemanba@stanford.edu,Training,107.209.135.96,mtruemanba,1PELkmyg6
408,Winston,Vearncomb,wvearncombbb@live.com,Legal,25.57.188.223,wvearncombbb,8NZ5v0hR
409,Lucine,Cecely,lcecelybc@examiner.com,Services,130.247.25.28,lcecelybc,Rl1qs9NEW
410,Somerset,Kilfedder,skilfedderbd@fc2.com,Marketing,97.104.31.14,skilfedderbd,1Sgy8mA
411,Travers,Sallans,tsallansbe@prlog.org,Legal,36.56.102.197,tsallansbe,F9KC8j3sG
412,Corrine,Cowin,ccowinbf@fda.gov,Legal,81.84.116.213,ccowinbf,cV3UiaA
413,Mick,Plinck,mplinckbg@hexun.com,Services,175.14.203.188,mplinckbg,zOcSvmcNO
414,Giacomo,Wadie,gwadiebh@fotki.com,Sales,79.65.58.93,gwadiebh,rXYbdg1V
415,Husain,Duffell,hduffellbi@bloglovin.com,Engineering,20.19.170.129,hduffellbi,o5oOFG
416,Cissiee,Bunnell,cbunnellbj@oaic.gov.au,Accounting,64.220.202.130,cbunnellbj,eNG5J6j2
417,Edlin,Longega,elongegabk@europa.eu,Legal,215.209.192.243,elongegabk,bSNCWyVXfX
418,Willi,Standrin,wstandrinbl@pen.io,Human Resources,115.236.129.73,wstandrinbl,WrWVBgixr
419,Rancell,Pocklington,rpocklingtonbm@arizona.edu,Legal,111.94.206.44,rpocklingtonbm,Q8v5iyBjK2b
420,Kikelia,Bernaldo,kbernaldobn@prlog.org,Legal,153.209.14.171,kbernaldobn,qFpNJDYy0Z
421,Staffard,Mongain,smongainbo@google.nl,Business Development,45.148.136.92,smongainbo,AkJEDyT
422,Kelsy,Pendlenton,kpendlentonbp@ask.com,Support,79.146.25.232,kpendlentonbp,1BTXKrA
423,Pepillo,Turnor,pturnorbq@homestead.com,Accounting,172.3.52.166,pturnorbq,pXysMttW5
424,Mata,Goncalo,mgoncalobr@mozilla.org,Research and Development,71.9.149.64,mgoncalobr,igBnMOvccO
425,Odelle,Simoens,osimoensbs@goo.ne.jp,Marketing,125.85.90.159,osimoensbs,BO2UYw
426,Audrey,Lacky,alackybt@usatoday.com,Services,127.141.220.166,alackybt,ZbsmSA
427,Barbara,Chettoe,bchettoebu@fema.gov,Marketing,226.106.202.239,bchettoebu,Wu5rWS
428,Corbet,Lewis,clewisbv@w3.org,Engineering,203.207.124.35,clewisbv,xeuzcg35
429,Virgie,Fyfe,vfyfebw@weibo.com,Engineering,157.3.150.36,vfyfebw,BjvnZGU
430,Ninette,Lapsley,nlapsleybx@constantcontact.com,Product Management,172.235.202.158,nlapsleybx,3H6Ybpt
431,Tadeas,Gamlyn,tgamlyn
4149
by@hp.com,Accounting,75.188.123.36,tgamlynby,tlSpCM
432,Imojean,Blanket,iblanketbz@liveinternet.ru,Services,122.180.109.234,iblanketbz,3dKXz1GNC
433,Demetre,Rafe,drafec0@nifty.com,Legal,137.72.113.89,drafec0,2LpsSYB
434,Bradney,Runnalls,brunnallsc1@quantcast.com,Sales,60.105.209.145,brunnallsc1,6H7MtNsXH
435,Guinevere,Balam,gbalamc2@a8.net,Research and Development,185.64.164.17,gbalamc2,5q0kpw
436,Georgeanna,Tremberth,gtremberthc3@ehow.com,Accounting,89.247.236.112,gtremberthc3,4wOWwpwDUrK
437,Lauren,Allain,lallainc4@bravesites.com,Services,18.0.56.157,lallainc4,DGkzRoODVt
438,Candis,Gawkes,cgawkesc5@netlog.com,Legal,182.235.121.104,cgawkesc5,jpacwWlb2H
439,Ruby,Boffey,rboffeyc6@oakley.com,Support,229.26.128.169,rboffeyc6,WwIk0bny
440,Genia,Frear,gfrearc7@sina.com.cn,Accounting,219.105.4.110,gfrearc7,LLqyAPXu
441,Burnaby,Felkin,bfelkinc8@europa.eu,Services,215.102.19.183,bfelkinc8,ztvbe6oMfLQ
442,Celia,Stanesby,cstanesbyc9@123-reg.co.uk,Engineering,57.48.177.108,cstanesbyc9,9nuwEML7q
443,Saloma,Pidduck,spidduckca@ehow.com,Human Resources,83.1.159.52,spidduckca,zI2FFkTQ
444,Courtney,Sieve,csievecb@mit.edu,Legal,72.5.21.34,csievecb,nl6rFj
445,Willem,Brugh,wbrughcc@etsy.com,Accounting,103.162.180.3,wbrughcc,XIqEhv4i
446,Gilbertina,Hantusch,ghantuschcd@joomla.org,Services,3.127.128.38,ghantuschcd,4GNT3J9TRwFp
447,Dedra,Slegg,dsleggce@nih.gov,Services,223.193.233.94,dsleggce,tZm7fQIRtN
448,Anissa,Motte,amottecf@dell.com,Human Resources,241.165.112.217,amottecf,E0eKjv
449,Mariann,Vidineev,mvidineevcg@comsenz.com,Marketing,12.169.184.17,mvidineevcg,nizVmixl
450,Katuscha,Strongitharm,kstrongitharmch@fema.gov,Marketing,91.236.83.118,kstrongitharmch,vPVAB0GbU
451,Gilda,Raubenheimers,graubenheimersci@studiopress.com,Sales,148.96.161.44,graubenheimersci,t9HSb1
452,Hymie,Dowglass,hdowglasscj@symantec.com,Engineering,24.215.25.163,hdowglasscj,LZslWrVFJ
453,Libbie,Petroselli,lpetrosellick@prweb.com,Human Resources,11.83.50.154,lpetrosellick,KDRyGmo
454,Demott,Swinney,dswinneycl@phpbb.com,Legal,142.43.36.252,dswinneycl,0jgDNEP4
455,Lois,Bullan,lbullancm@china.com.cn,Human Resources,43.138.161.208,lbullancm,MVSTb9TfDA
456,Giuseppe,Reynalds,greynaldscn@printfriendly.com,Training,62.40.44.174,greynaldscn,pVVetoiywO
457,Stillmann,Mylchreest,smylchreestco@soup.io,Support,231.201.55.125,smylchreestco,dIMsEMuweQHR
458,Art,Walsh,awalshcp@sciencedaily.com,Accounting,247.74.26.105,awalshcp,IsLUcyfNw
459,Karia,Corryer,kcorryercq@plala.or.jp,Research and Development,185.178.35.219,kcorryercq,CyrpvCJ
460,Madelaine,Poundsford,mpoundsfordcr@patch.com,Human Resources,239.89.254.81,mpoundsfordcr,1AvWMf
461,Scott,Broyd,sbroydcs@newyorker.com,Engineering,146.160.105.198,sbroydcs,npvCXNLPT7fj
462,Eimile,Mariolle,emariollect@cnn.com,Legal,188.0.12.41,emariollect,ZUVrgnVPK
463,De,MacMorland,dmacmorlandcu@adobe.com,Services,94.44.160.43,dmacmorlandcu,hdID2r1
464,Rodrique,Salsberg,rsalsbergcv@ted.com,Business Development,218.177.45.92,rsalsbergcv,YCtijPwlTb
465,Chandra,Bower,cbowercw@yelp.com,Marketing,219.243.251.61,cbowercw,XEeA9FDSiEo
466,Benji,Kirwood,bkirwoodcx@topsy.com,Legal,91.202.200.130,bkirwoodcx,eZnB21uIN95
467,Gonzalo,Clemonts,gclemontscy@tripadvisor.com,Marketing,83.5.24.95,gclemontscy,4CeNvD8TGaQ
468,Joycelin,Gartland,jgartlandcz@state.tx.us,Business Development,24.120.50.129,jgartlandcz,4YcGgxx2
469,Yolande,Bohan,ybohand0@ycombinator.com,Sales,129.15.206.126,ybohand0,09MdIK7FR
470,Helyn,Longmead,hlongmeadd1@yahoo.co.jp,Engineering,170.65.211.177,hlongmeadd1,DEOIwJ7Ad
471,Jewelle,Stitch,jstitchd2@smh.com.au,Services,186.246.227.193,jstitchd2,SXHwBXoPJs2
472,Christoph,Dedney,cdedneyd3@mayoclinic.com,Marketing,149.181.193.42,cdedneyd3,4VfigRX
473,Borg,Rawe,brawed4@google.de,Support,246.239.117.250,brawed4,qLavogw
474,Matthiew,Croan,mcroand5@cdc.gov,Engineering,105.106.35.55,mcroand5,RlQyCn
475,Fernando,Filde,ffilded6@joomla.org,Engineering,194.95.204.229,ffilded6,fTF0WIch
476,Doe,Palfreyman,dpalfreymand7@prnewswire.com,Engineering,74.218.70.205,dpalfreymand7,YwgHZS508ZY2
478,Domain,Admin,DomAdmin@alevis.com,Domain Admin,192.168.56.1,DomAdmin,gMR<4eXf]e6W
===================================================================
